Instrument,Start_Date,End_Date,Days_Traded,Data_Points,Year_Month,Beta_J203,Beta_J200,Beta_J250,Beta_J257,Beta_J258,Industry
4SI,2017-10-31,2020-03-31,0.9056,29,2020-Q1,1.0667,0.9751,1.0516,0.8336,0.6056,Financials
ABG,2015-03-31,2020-03-31,1,60,2020-Q1,1.0281,0.8688,1.1039,0.4084,0.3425,Financials
ACE,2015-03-31,2020-03-31,0.3699,60,2020-Q1,0.942,0.8888,0.9539,0.7483,0.469,Industrials
ACG,2015-03-31,2020-03-31,0.9912,60,2020-Q1,0.7477,0.7364,0.7975,0.6113,0.1224,Financials
ACL,2015-03-31,2020-03-31,0.9992,60,2020-Q1,1.1652,1.0006,1.1246,0.8109,0.7252,Basic Materials
ACS,2015-03-25,2020-02-28,0.2418,57,2020-Q1,0.8468,0.7869,0.9014,0.56,0.2569,Financials
ACT,2015-03-31,2020-03-31,0.9704,60,2020-Q1,0.4479,0.4582,0.4647,0.2987,0.1785,Health Care
ACZ,2017-11-24,2020-03-25,0.1263,21,2020-Q1,1.0548,0.9599,1.061,0.7949,0.5546,Financials
ADH,2015-03-31,2020-03-31,1,60,2020-Q1,0.6055,0.5753,0.75,0.4561,0.0433,Consumer Services
ADI,2015-03-31,2020-03-31,1,60,2020-Q1,0.8778,0.8268,0.9072,0.7259,0.2539,Technology
ADR,2015-03-31,2020-03-31,0.9896,60,2020-Q1,0.852,0.7734,0.9078,0.4714,0.2757,Industrials
ADW,2015-03-31,2020-03-30,0.5957,55,2020-Q1,0.8751,0.8337,0.851,0.646,0.4886,Financials
AEE,2015-03-31,2020-03-31,0.8743,60,2020-Q1,0.6727,0.6295,0.7146,0.1591,0.2391,Financials
AEG,2015-03-31,2020-03-31,1,60,2020-Q1,0.8497,0.7772,0.8575,0.5149,0.4431,Industrials
AEL,2015-03-31,2020-03-31,0.98,60,2020-Q1,0.778,0.7427,0.7337,0.5172,0.4489,Technology
AFE,2015-03-31,2020-03-31,1,60,2020-Q1,0.8046,0.7044,0.7795,0.406,0.3705,Basic Materials
AFH,2015-03-31,2020-03-31,1,60,2020-Q1,0.6124,0.5352,0.6018,0.2709,0.3306,Financials
AFT,2015-03-31,2020-03-31,0.9992,60,2020-Q1,0.5398,0.5138,0.5717,0.3027,0.1117,Industrials
AFX,2015-03-31,2020-03-31,0.9928,60,2020-Q1,0.6008,0.5237,0.5773,0.2565,0.2582,Basic Materials
AGL,2015-03-31,2020-03-31,1,60,2020-Q1,1.2846,1.0919,0.9479,0.6021,1.3357,Basic Materials
AHA,2015-03-24,2020-03-31,0.4179,60,2020-Q1,0.2583,0.2278,0.303,0.1293,0.0533,Financials
AHB,2015-03-25,2020-03-31,0.324,59,2020-Q1,0.4649,0.4603,0.4795,0.1869,0.1198,Financials
AHL,2015-03-30,2020-03-12,0.1,44,2020-Q1,0.2354,0.336,0.4275,0.1057,-0.1564,Consumer Goods
AIL,2017-09-29,2020-03-31,1,30,2020-Q1,0.7701,0.7851,0.7913,0.7967,0.3645,Financials
AIP,2015-03-31,2020-03-31,1,60,2020-Q1,0.7306,0.6854,0.7861,0.6299,0.2395,Health Care
ALH,2015-03-31,2020-03-31,0.8078,60,2020-Q1,0.5077,0.4871,0.4745,0.0039,0.2977,Technology
ALP,2015-04-22,2020-03-31,0.7247,58,2020-Q1,0.4987,0.484,0.5149,0.3447,0.1441,Financials
AME,2015-03-31,2020-03-17,0.3187,59,2020-Q1,0.2636,0.2812,0.2756,0.0698,0.0368,Consumer Services
AMS,2015-03-31,2020-03-31,1,60,2020-Q1,1.3993,1.1655,1.1163,0.7499,1.1998,Basic Materials
AND,2015-04-30,2020-03-31,0.0699,40,2020-Q1,1.0654,0.9665,1.0745,0.8045,0.5547,Financials
ANG,2015-03-31,2020-03-31,1,60,2020-Q1,0.9154,0.8322,0.7376,0.5692,0.8144,Basic Materials
ANH,2016-01-29,2020-03-31,0.999,50,2020-Q1,1.0209,1.0264,1.1461,1.2461,0.2742,Consumer Goods
AON,2015-03-17,2019-06-27,0.0381,26,2020-Q1,0.956,0.9113,1.0057,0.8306,0.3471,Consumer Services
AOO,2015-07-07,2019-06-18,0.011,11,2020-Q1,1.0644,0.984,1.0567,0.9055,0.4576,Consumer Services
APF,2015-03-31,2020-03-31,0.9872,60,2020-Q1,1.2245,1.0344,1.2986,0.6703,0.3904,Financials
APH,2018-03-26,2020-03-09,0.1627,23,2020-Q1,1.0181,0.9389,0.9718,0.7248,0.6021,Basic Materials
APN,2015-03-31,2020-03-31,1,60,2020-Q1,1.1211,1.023,1.1824,0.9565,0.3825,Health Care
ARA,2015-11-30,2020-03-06,0.9621,52,2020-Q1,0.4796,0.5234,0.4388,0.2683,0.1706,Financials
ARH,2015-03-31,2020-03-31,0.6589,60,2020-Q1,0.2922,0.308,0.4307,0.1506,-0.0445,Industrials
ARI,2015-03-31,2020-03-31,1,60,2020-Q1,1.3722,1.1286,1.0883,0.7099,1.2313,Basic Materials
ARL,2015-03-31,2020-03-31,1,60,2020-Q1,0.8621,0.8016,0.8433,0.5977,0.435,Consumer Goods
ART,2015-03-31,2020-03-31,0.9424,60,2020-Q1,0.4042,0.4257,0.5805,0.2931,-0.1043,Industrials
ASC,2015-03-31,2020-03-31,1,60,2020-Q1,1.1163,1.0236,1.1466,0.9337,0.4004,Health Care
ASR,2015-03-31,2020-03-31,1,60,2020-Q1,0.7574,0.7114,0.6385,0.5045,0.6313,Basic Materials
ATT,2015-03-31,2020-03-31,1,60,2020-Q1,1.1913,0.9989,1.2085,0.5917,0.4477,Financials
AVI,2015-03-31,2020-03-31,1,60,2020-Q1,0.7258,0.6737,0.7879,0.5715,0.1996,Consumer Goods
AVL,2015-03-31,2020-03-31,0.94,60,2020-Q1,0.4382,0.5016,0.5784,0.3453,-0.0827,Health Care
AVV,2015-03-31,2020-03-31,0.9976,60,2020-Q1,1.127,0.9824,1.1666,0.7857,0.3628,Technology
AXL,2017-02-28,2020-03-31,0.9987,37,2020-Q1,0.8743,0.8388,0.8552,0.7059,0.5034,Financials
AYO,2017-12-22,2020-03-31,0.447,27,2020-Q1,0.6446,0.6779,0.6067,0.3018,0.3557,Technology
BAT,2015-03-31,2020-03-31,1,60,2020-Q1,1.3563,1.2178,1.3888,0.9831,0.4375,Financials
BAU,2015-03-31,2020-03-25,0.751,60,2020-Q1,1.0578,0.984,1.0138,0.891,0.5447,Basic Materials
BAW,2015-03-31,2020-03-31,1,60,2020-Q1,1.028,0.8714,1.034,0.5611,0.4288,Industrials
BCF,2015-03-31,2020-03-31,0.9039,60,2020-Q1,0.2285,0.2664,0.3541,0.1226,-0.1681,Industrials
BEL,2015-03-31,2020-03-31,0.7822,60,2020-Q1,0.7931,0.7415,0.786,0.5045,0.3226,Industrials
BHP,2015-03-31,2020-03-31,1,60,2020-Q1,1.2278,1.1774,0.9666,0.885,0.8408,Basic Materials
BID,2016-05-31,2020-03-31,1,46,2020-Q1,1.145,1.0491,1.2343,0.8751,0.4735,Consumer Services
BLU,2015-03-31,2020-03-31,1,60,2020-Q1,1.1799,1.0432,1.2309,0.9499,0.4347,Telecommunications
BRN,2015-03-31,2020-03-31,0.7894,60,2020-Q1,0.3822,0.3483,0.3959,0.1127,0.1418,Financials
BRT,2015-03-31,2020-03-31,0.4588,60,2020-Q1,0.4727,0.4478,0.4819,0.3291,0.1951,Financials
BSR,2015-03-31,2018-06-18,0.6173,39,2020-Q1,1.0025,0.9089,1.0536,0.7041,0.3091,Industrials
BTI,2015-03-31,2020-03-31,1,60,2020-Q1,0.7272,0.757,0.7289,0.8549,0.2027,Consumer Goods
BUC,2015-03-30,2020-02-27,0.0576,41,2020-Q1,1.0636,0.965,1.0731,0.8017,0.5522,Basic Materials
BVT,2015-03-31,2020-03-31,1,60,2020-Q1,0.8987,0.7822,1.0701,0.6972,0.159,Industrials
BWN,2015-10-30,2020-03-31,0.9955,53,2020-Q1,0.5848,0.559,0.6732,0.3323,0.1434,Financials
CAC,2015-09-17,2020-01-13,0.0115,12,2020-Q1,1.127,1.0163,1.1186,0.8775,0.6091,Industrials
CAT,2015-03-31,2020-03-31,0.8895,60,2020-Q1,0.485,0.4844,0.5145,0.3423,0.1545,Consumer Services
CCO,2015-03-31,2020-03-31,1,60,2020-Q1,0.8516,0.8633,0.9175,0.7483,0.1721,Financials
CFR,2015-03-31,2020-03-31,1,60,2020-Q1,1.0734,1.0761,1.0115,1.0358,0.44,Consumer Goods
CGN,2015-03-31,2020-03-31,0.5572,60,2020-Q1,0.7339,0.755,0.7384,0.6526,0.2652,Technology
CGR,2015-03-31,2020-03-31,0.9576,60,2020-Q1,0.5845,0.5994,0.6634,0.2835,0.0706,Industrials
CHP,2015-05-29,2018-11-01,0.7058,42,2020-Q1,0.8176,0.7635,0.8099,0.4536,0.2887,Consumer Services
CIL,2015-03-31,2020-03-31,0.992,60,2020-Q1,0.9626,0.8869,0.9174,0.7147,0.4621,Industrials
CKS,2015-03-31,2020-03-31,0.5252,60,2020-Q1,0.1861,0.1875,0.1043,-0.1059,0.1499,Consumer Goods
CLH,2015-03-31,2020-03-31,1,60,2020-Q1,1.0399,0.8789,1.1327,0.5705,0.2834,Consumer Services
CLI,2015-03-31,2020-03-31,0.9392,60,2020-Q1,0.4687,0.4303,0.5083,0.2578,0.1387,Financials
CLS,2015-03-31,2020-03-31,1,60,2020-Q1,0.5537,0.5352,0.5948,0.4694,0.1829,Consumer Services
CMH,2015-03-31,2020-03-31,0.9063,60,2020-Q1,0.8505,0.7644,0.8536,0.4855,0.3609,Consumer Services
CML,2015-03-31,2020-03-31,0.9496,57,2020-Q1,1.0345,0.889,1.0247,0.6836,0.4859,Financials
CMO,2015-03-27,2020-03-31,0.6147,60,2020-Q1,1.0799,0.9768,1.0467,0.7941,0.6558,Basic Materials
CND,2015-03-31,2020-03-31,0.8223,60,2020-Q1,1.0442,0.9809,1.0042,0.8662,0.4485,Financials
COH,2015-03-31,2020-03-31,1,60,2020-Q1,1.2135,1.0751,1.339,0.908,0.293,Consumer Services
COM,2015-03-31,2020-03-31,0.9816,60,2020-Q1,0.8964,0.7457,0.9063,0.2194,0.4472,Consumer Services
CPI,2015-03-31,2020-03-31,1,60,2020-Q1,1.1746,1.0162,1.1913,0.6858,0.4548,Financials
CRP,2015-10-30,2020-03-31,0.932,53,2020-Q1,1.0879,0.9818,1.0874,0.8093,0.586,Financials
CSB,2015-03-31,2020-03-31,1,60,2020-Q1,0.8252,0.7363,0.9467,0.5407,0.1994,Consumer Services
CSG,2015-03-31,2020-03-31,0.9175,60,2020-Q1,0.5586,0.5601,0.6343,0.3656,0.0683,Industrials
CTA,2015-10-30,2020-03-31,0.9637,53,2020-Q1,0.5145,0.5166,0.4375,0.1685,0.2917,Technology
CTK,2015-03-31,2020-03-31,0.8559,60,2020-Q1,0.7414,0.6887,0.8305,0.5129,0.1588,Industrials
CVW,2018-01-31,2020-03-31,0,26,2020-Q1,0.0356,0.0397,0.0079,0.0142,0.0468,Financials
DCP,2016-11-30,2020-03-31,1,40,2020-Q1,0.8013,0.7914,0.951,0.9104,0.1671,Consumer Services
DIA,2015-03-26,2020-03-31,0.7021,60,2020-Q1,0.4445,0.3807,0.465,0.1717,0.1491,Financials
DIB,2015-03-31,2020-03-31,0.5733,60,2020-Q1,1.0704,0.9511,0.9423,0.6061,0.5697,Financials
DLT,2015-03-31,2020-03-31,1,60,2020-Q1,1.206,1.0531,1.1851,0.7173,0.562,Financials
DNB,2015-03-31,2020-03-31,0.4347,60,2020-Q1,0.1127,0.1472,0.1324,0.013,-0.004,Financials
DRD,2015-03-31,2020-03-31,1,60,2020-Q1,0.7986,0.7355,0.727,0.4849,0.471,Basic Materials
DSY,2015-03-31,2020-03-31,1,60,2020-Q1,1.1268,1,1.2544,0.7648,0.284,Financials
DTC,2015-03-31,2020-03-31,1,60,2020-Q1,0.5921,0.5715,0.6174,0.3183,0.2281,Technology
ECS,2015-03-31,2020-03-31,0.7998,60,2020-Q1,1.0539,0.9693,1.0849,0.9251,0.4248,Financials
EEL,2015-03-31,2020-03-31,0.956,60,2020-Q1,1.0709,0.9663,1.1219,0.8593,0.4235,Oil & Gas
EFG,2015-03-31,2020-03-31,0.5156,60,2020-Q1,0.6036,0.6412,0.5758,0.535,0.2506,Financials
ELI,2015-03-31,2020-03-31,0.9936,60,2020-Q1,0.8312,0.8339,0.8928,0.8881,0.2341,Industrials
ELR,2015-03-31,2020-03-31,0.6189,60,2020-Q1,0.7831,0.7115,0.7914,0.2679,0.3468,Industrials
EMH,2015-03-31,2020-03-24,0.3363,60,2020-Q1,0.6224,0.6096,0.5983,0.3562,0.3831,Consumer Services
EMI,2015-03-31,2020-03-31,1,60,2020-Q1,1.0359,0.8914,1.0751,0.4985,0.3586,Financials
EMN,2015-03-31,2020-03-20,0.4099,60,2020-Q1,0.9013,0.8462,0.9415,0.7288,0.434,Consumer Services
ENX,2015-03-31,2020-03-31,0.8151,60,2020-Q1,0.4985,0.468,0.5936,0.3089,0.0703,Industrials
EOH,2015-03-31,2020-03-31,1,60,2020-Q1,1.1036,0.992,1.1915,0.8933,0.3443,Technology
EPE,2016-08-31,2020-03-31,0.9799,43,2020-Q1,0.841,0.7459,0.9124,0.4438,0.3573,Financials
EPP,2016-09-30,2020-03-31,1,42,2020-Q1,1.1057,0.9784,1.0961,0.5478,0.5916,Financials
EPS,2015-03-31,2020-03-23,0.4099,59,2020-Q1,1.0226,0.9419,1.0286,0.7219,0.5319,Basic Materials
EQU,2015-03-30,2020-03-31,0.9336,60,2020-Q1,0.6073,0.557,0.6415,0.453,0.181,Financials
ERN,2015-03-23,2018-03-27,0.0964,30,2020-Q1,0.9629,0.898,0.9941,0.736,0.351,Oil & Gas
ESR,2015-03-31,2018-08-17,0.6229,41,2020-Q1,1.0948,0.9904,1.1576,0.8589,0.3457,Industrials
ETO,2015-03-31,2020-03-31,0.8831,60,2020-Q1,1.0059,0.92,0.9486,0.6348,0.5462,Technology
EUZ,2015-03-30,2020-03-30,0.7008,60,2020-Q1,1.0886,0.9955,1.0779,0.8962,0.6283,Basic Materials
EXP,2018-08-22,2020-03-06,0.0945,13,2020-Q1,0.2129,0.239,0.2043,0.0484,0.0865,Financials
EXX,2015-03-31,2020-03-31,1,60,2020-Q1,1.1283,0.9514,0.9356,0.5847,0.9333,Basic Materials
FBR,2015-03-31,2020-03-31,1,60,2020-Q1,1.0416,0.8857,1.0834,0.5108,0.3364,Consumer Services
FDP,2015-03-30,2016-06-30,0.2256,15,2020-Q1,1.0773,1.0097,1.1421,1.0105,0.2712,Financials
FFA,2015-03-31,2020-03-31,1,60,2020-Q1,0.9255,0.79,0.9312,0.4065,0.3131,Financials
FFB,2015-03-31,2020-03-31,1,60,2020-Q1,1.5573,1.3175,1.5836,1.0954,0.5693,Financials
FGL,2015-03-31,2020-03-31,0.9592,60,2020-Q1,0.9891,0.912,0.8898,0.5822,0.6394,Financials
FSR,2015-03-31,2020-03-31,1,60,2020-Q1,0.9479,0.802,0.9989,0.4029,0.3512,Financials
FVT,2015-03-31,2020-03-31,0.8775,60,2020-Q1,0.5847,0.5133,0.6228,0.2254,0.1849,Financials
GAI,2015-11-30,2020-03-30,0.634,52,2020-Q1,0.2683,0.3016,0.2592,0.1261,0.0949,Financials
GFI,2015-03-31,2020-03-31,1,60,2020-Q1,0.7882,0.7219,0.6715,0.453,0.5596,Basic Materials
GLI,2016-11-30,2020-03-03,0.2226,38,2020-Q1,0.9566,0.873,0.9038,0.6306,0.5781,Health Care
GLN,2015-03-31,2020-03-31,1,60,2020-Q1,1.496,1.2712,1.264,0.9701,1.0922,Basic Materials
GML,2015-03-31,2020-03-31,0.9848,60,2020-Q1,0.5177,0.5086,0.5806,0.2488,0.1008,Basic Materials
GND,2015-03-31,2020-03-31,1,60,2020-Q1,1.1445,0.9952,1.0865,0.6795,0.5623,Industrials
GPL,2015-03-31,2020-03-31,0.9864,60,2020-Q1,0.8667,0.8198,0.9358,0.6509,0.2918,Financials
GRF,2015-03-31,2019-03-11,0.787,48,2020-Q1,1.081,0.9706,1.0832,0.7658,0.5742,Industrials
GRT,2015-03-31,2020-03-31,1,60,2020-Q1,0.7469,0.6266,0.8,0.3297,0.2364,Financials
GSH,2018-06-29,2020-03-31,0.9932,21,2020-Q1,1.0645,0.9683,1.1395,0.8905,0.4522,Industrials
GTC,2016-08-25,2019-07-16,0.05,21,2020-Q1,0.688,0.6714,0.6916,0.5023,0.2545,Financials
GTR,2015-03-30,2020-03-30,0.6728,60,2020-Q1,0.4566,0.4046,0.4817,0.1807,0.1014,Financials
HAR,2015-03-31,2020-03-31,1,60,2020-Q1,0.9866,0.8727,0.9145,0.5768,0.6625,Basic Materials
HCI,2015-03-31,2020-03-31,1,60,2020-Q1,1.2037,1.0169,1.1767,0.5636,0.5425,Financials
HDC,2015-03-31,2020-03-31,1,60,2020-Q1,0.5538,0.452,0.6186,0.1429,0.1595,Industrials
HET,2017-07-31,2020-01-13,0.0404,16,2020-Q1,0.0663,0.0663,0.0355,0.033,0.0619,Financials
HIL,2015-03-31,2020-03-31,0.3074,59,2020-Q1,0.4566,0.4531,0.4286,0.2023,0.184,Consumer Services
HLM,2015-03-31,2020-03-31,0.944,57,2020-Q1,1.2733,1.1388,1.2927,0.9881,0.4475,Basic Materials
HMN,2016-09-30,2020-03-31,1,42,2020-Q1,1.2511,1.0878,1.2277,0.6567,0.6863,Financials
HPB,2015-03-27,2020-03-31,0.8769,60,2020-Q1,0.891,0.7623,0.9293,0.4684,0.366,Financials
HPR,2018-05-31,2020-03-31,0.7543,19,2020-Q1,0.5129,0.4982,0.6354,0.1509,0.0367,Consumer Services
HUG,2015-03-31,2020-03-25,0.8319,60,2020-Q1,0.7168,0.6784,0.6642,0.4577,0.3373,Telecommunications
HUL,2016-04-28,2020-03-19,0.2518,47,2020-Q1,0.8591,0.815,0.8499,0.5896,0.5868,Financials
HWA,2015-03-26,2018-10-15,0.0799,37,2020-Q1,1.0813,0.9746,1.0743,0.799,0.6064,Basic Materials
HYP,2015-03-31,2020-03-31,1,60,2020-Q1,1.2732,1.0594,1.3567,0.712,0.4266,Financials
IAP,2015-03-31,2020-03-31,1,60,2020-Q1,0.5661,0.5374,0.5348,0.3468,0.2122,Financials
ILE,2015-03-27,2020-03-31,0.3693,47,2020-Q1,1.0602,0.9673,1.0426,0.7944,0.5772,Consumer Goods
ILU,2015-06-30,2020-03-31,0.8024,54,2020-Q1,0.5197,0.4857,0.6365,0.3909,-0.0166,Financials
IMP,2015-03-31,2020-03-31,0.9496,57,2020-Q1,1.274,1.0787,1.1385,0.8075,0.9284,Basic Materials
INL,2015-03-31,2020-03-31,0.9496,57,2020-Q1,1.4364,1.2713,1.4501,0.8914,0.5012,Financials
INP,2015-03-31,2020-03-31,0.9496,57,2020-Q1,1.436,1.2761,1.435,0.8948,0.5169,Financials
IPF,2015-03-31,2020-03-31,0.9496,57,2020-Q1,0.9868,0.8426,0.9873,0.4708,0.38,Financials
IPL,2015-03-31,2020-03-31,0.9496,57,2020-Q1,1.3479,1.1249,1.2637,0.7625,0.7018,Industrials
ISA,2015-03-31,2020-03-30,0.7246,57,2020-Q1,0.6098,0.5896,0.5523,0.2176,0.3486,Technology
ISB,2015-03-31,2020-03-31,0.7598,60,2020-Q1,0.6972,0.6387,0.6942,0.434,0.229,Basic Materials
ITE,2015-03-31,2020-03-31,0.9295,57,2020-Q1,0.6137,0.5724,0.5991,0.3699,0.222,Consumer Services
ITU,2015-03-31,2020-03-31,0.9496,57,2020-Q1,1.2121,1.061,1.1985,0.7164,0.4686,Financials
IVT,2015-03-31,2020-03-31,0.9472,57,2020-Q1,0.91,0.7697,0.9207,0.4292,0.3836,Industrials
JBL,2015-03-31,2020-03-31,0.9488,57,2020-Q1,1.1179,1.0528,1.2074,1.1075,0.2842,Basic Materials
JSC,2015-03-31,2020-03-31,0.7134,56,2020-Q1,0.9723,0.8858,0.9367,0.768,0.5389,Technology
JSE,2015-03-31,2020-03-31,0.9496,57,2020-Q1,0.6304,0.5662,0.6736,0.3038,0.2012,Financials
KAL,2017-06-30,2020-03-31,0.82,30,2020-Q1,0.371,0.3966,0.4248,0.1705,0.1025,Consumer Services
KAP,2015-03-31,2020-03-31,0.9496,57,2020-Q1,1.0927,0.9492,1.191,0.7003,0.3117,Industrials
KBO,2015-03-31,2020-03-31,0.5468,57,2020-Q1,1.0617,0.9583,1.0749,0.7998,0.5603,Basic Materials
KDV,2015-03-31,2020-03-31,0.1065,48,2020-Q1,0.9911,0.9087,0.9925,0.746,0.5062,Industrials
KIO,2015-03-31,2020-03-31,1,60,2020-Q1,1.0782,0.9181,0.9087,0.5319,1.0945,Basic Materials
KP2,2018-04-30,2020-03-31,0.4813,23,2020-Q1,1.0333,0.9421,1.0775,0.7883,0.4597,Basic Materials
KST,2015-03-31,2020-03-31,0.9984,60,2020-Q1,0.6845,0.6492,0.7349,0.4601,0.184,Financials
L2D,2016-12-30,2020-03-31,0.9975,39,2020-Q1,0.5968,0.5664,0.662,0.403,0.2427,Financials
L4L,2017-04-28,2020-03-31,1,35,2020-Q1,0.6239,0.61,0.6606,0.3885,0.3047,Financials
LBH,2015-03-31,2020-03-31,1,60,2020-Q1,1.0335,0.8704,1.0733,0.5706,0.3845,Financials
LBR,2018-05-31,2020-03-31,1,22,2020-Q1,0.9328,0.8971,1.0002,0.7247,0.4089,Consumer Goods
LEW,2015-03-31,2020-03-31,1,60,2020-Q1,0.7329,0.6462,0.6861,0.1934,0.4328,Consumer Services
LHC,2015-03-31,2020-03-31,1,60,2020-Q1,0.9327,0.8277,0.9997,0.7096,0.3072,Health Care
LNF,2015-03-16,2020-02-24,0.0595,41,2020-Q1,0.9916,0.9042,0.9892,0.6787,0.463,Financials
LTE,2016-06-30,2020-03-31,0.9979,45,2020-Q1,1.1058,1.0109,1.2027,0.9975,0.416,Financials
MCG,2019-02-28,2020-03-31,1,13,2020-Q1,0.9888,0.9769,0.9934,1.027,0.6388,Consumer Services
MCZ,2015-03-31,2020-03-31,0.9408,60,2020-Q1,1.1224,1.0155,1.1621,0.8859,0.4714,Basic Materials
MDI,2015-03-31,2020-03-31,0.972,60,2020-Q1,1.1106,1.0203,1.0973,0.8391,0.4207,Industrials
MED,2015-03-26,2016-12-02,0.222,21,2020-Q1,1.1011,0.993,1.0905,0.8376,0.67,Basic Materials
MEI,2016-02-29,2020-03-31,1,49,2020-Q1,1.0126,0.9504,1.1196,0.9709,0.3289,Health Care
MFL,2015-03-31,2020-03-31,0.9888,60,2020-Q1,0.8085,0.7517,0.9714,0.6742,0.0951,Industrials
MIX,2015-03-31,2020-03-31,0.9191,60,2020-Q1,0.7303,0.7006,0.8282,0.5202,0.1872,Industrials
MLE,2018-05-31,2020-03-31,0.813,22,2020-Q1,0.9839,0.9046,0.9988,0.7206,0.4945,Financials
MMP,2015-03-26,2020-03-31,0.3522,60,2020-Q1,0.5931,0.5905,0.5511,0.2355,0.2919,Industrials
MNK,2015-03-31,2020-03-31,0.9287,60,2020-Q1,1.0038,0.9391,1.1054,0.7824,0.2023,Oil & Gas
MNP,2015-03-31,2020-03-31,1,60,2020-Q1,0.7676,0.7804,0.776,0.6862,0.26,Basic Materials
MPT,2015-03-31,2020-03-31,1,60,2020-Q1,1.0354,0.9032,1.0592,0.6395,0.3803,Industrials
MRF,2015-03-31,2020-03-31,0.9992,60,2020-Q1,1.3272,1.1545,1.2758,0.9428,0.6484,Basic Materials
MRI,2015-03-30,2016-07-26,0.1768,16,2020-Q1,0.9489,0.885,0.9559,0.6832,0.4445,Industrials
MRP,2015-03-31,2020-03-31,1,60,2020-Q1,1.0557,0.9215,1.12,0.6769,0.3714,Consumer Services
MSM,2015-03-31,2020-03-31,1,60,2020-Q1,1.3646,1.1384,1.4407,0.915,0.5227,Consumer Services
MSP,2015-03-31,2020-03-31,0.9992,60,2020-Q1,1.1053,1.028,1.1529,0.8282,0.3017,Financials
MST,2015-03-31,2020-03-31,0.8527,60,2020-Q1,0.4972,0.4778,0.4581,0.163,0.2042,Technology
MTA,2015-03-31,2020-03-31,1,60,2020-Q1,0.919,0.813,0.9549,0.5141,0.3748,Consumer Goods
MTH,2018-11-30,2020-03-31,1,16,2020-Q1,1.4463,1.2229,1.543,0.9483,0.7554,Consumer Services
MTM,2015-03-31,2020-03-31,1,60,2020-Q1,0.8787,0.7599,0.8942,0.5227,0.3623,Financials
MTN,2015-03-31,2020-03-31,1,60,2020-Q1,0.9486,0.8241,0.9866,0.5452,0.3713,Telecommunications
MUR,2015-03-31,2020-03-31,1,60,2020-Q1,0.9865,0.8543,0.9362,0.478,0.5644,Industrials
MZR,2015-03-19,2020-02-13,0.2315,58,2020-Q1,0.9907,0.8982,1.0139,0.6911,0.4168,Industrials
NCS,2015-03-31,2020-03-09,0.1825,59,2020-Q1,0.5711,0.6472,0.5856,0.4939,0.2102,Consumer Services
NED,2015-03-31,2020-03-31,1,60,2020-Q1,1.1497,0.9653,1.2202,0.533,0.3978,Financials
NFP,2015-04-17,2020-03-30,0.1632,42,2020-Q1,1.0972,0.9859,1.0994,0.7805,0.5792,Financials
NHM,2015-03-31,2020-03-31,1,60,2020-Q1,1.4848,1.2205,1.2563,0.8787,1.0491,Basic Materials
NIV,2015-03-31,2020-03-31,0.6765,60,2020-Q1,0.8871,0.8118,0.9084,0.5211,0.382,Financials
NPK,2015-03-31,2020-03-31,1,60,2020-Q1,1.3421,1.1507,1.3176,0.7858,0.5657,Industrials
NPN,2015-03-31,2020-03-31,1,60,2020-Q1,1.1259,1.1449,1.2856,1.4078,0.2464,Technology
NRL,2016-02-25,2020-02-24,0.1037,38,2020-Q1,0.4427,0.4538,0.4265,0.0966,0.1251,Financials
NRP,2017-07-31,2020-03-31,1,32,2020-Q1,1.3403,1.1994,1.3389,0.9246,0.7546,Financials
NT1,2015-03-31,2020-03-30,0.7246,60,2020-Q1,0.6199,0.6219,0.6665,0.2621,0.1959,Industrials
NTC,2015-03-31,2020-03-31,1,60,2020-Q1,0.7901,0.705,0.825,0.509,0.2929,Health Care
NUT,2015-03-31,2020-03-31,0.6781,60,2020-Q1,1.1424,1.0394,1.1043,0.9142,0.7283,Health Care
NVE,2015-05-29,2020-03-13,0.5248,58,2020-Q1,0.7225,0.7125,0.8177,0.5705,0.1441,Financials
NVS,2015-03-31,2020-03-31,0.964,60,2020-Q1,0.6966,0.6781,0.7168,0.5867,0.2364,Industrials
NWL,2015-03-16,2020-03-31,0.731,60,2020-Q1,0.531,0.4972,0.571,0.2738,0.2375,Consumer Goods
OAO,2015-03-30,2020-03-27,0.392,55,2020-Q1,1.0929,0.9832,1.0795,0.7987,0.6174,Oil & Gas
OAS,2015-03-31,2020-03-26,0.1441,55,2020-Q1,-0.0322,-0.032,-0.0341,-0.0429,-0.0282,Financials
OCE,2015-03-31,2020-03-31,0.9992,60,2020-Q1,0.3906,0.3713,0.3416,0.2434,0.1396,Consumer Goods
OCT,2015-03-31,2020-03-31,1,60,2020-Q1,1.0423,0.8911,1.0618,0.5537,0.3801,Financials
OLG,2015-03-31,2020-03-31,0.9159,60,2020-Q1,0.5111,0.5416,0.5861,0.4953,0.1237,Industrials
OMN,2015-03-31,2020-03-31,1,60,2020-Q1,0.9129,0.8168,0.9026,0.5533,0.4099,Basic Materials
OMU,2018-06-29,2020-03-31,1,21,2020-Q1,1.2342,1.1447,1.3824,0.9477,0.5432,Financials
ORN,2017-09-28,2020-03-31,0.925,30,2020-Q1,1.2458,1.1142,1.2175,0.9653,0.76,Basic Materials
PAN,2015-03-31,2020-03-31,1,60,2020-Q1,0.8755,0.7975,0.7608,0.5779,0.6164,Basic Materials
PBG,2015-03-31,2020-03-31,0.8543,60,2020-Q1,1.0288,0.9399,1.0683,0.7871,0.4509,Technology
PEM,2017-03-31,2020-03-30,0.6969,30,2020-Q1,0.9304,0.8669,0.957,0.746,0.4244,Consumer Services
PFB,2017-03-31,2020-03-31,0.6702,36,2020-Q1,0.3964,0.4382,0.4239,0.2445,0.1422,Consumer Goods
PFG,2015-03-31,2020-03-17,0.992,60,2020-Q1,0.5755,0.5556,0.6572,0.586,0.2332,Consumer Goods
PGR,2015-03-31,2020-03-31,1,60,2020-Q1,0.6045,0.5652,0.6246,0.396,0.1909,Financials
PHM,2015-03-31,2020-03-31,0.8831,60,2020-Q1,0.4233,0.4517,0.4003,0.0307,0.1301,Consumer Services
PIK,2015-03-31,2020-03-31,1,60,2020-Q1,0.7455,0.6956,0.8223,0.6376,0.1871,Consumer Services
PMV,2015-03-23,2020-03-24,0.2781,59,2020-Q1,0.8216,0.7991,0.8778,0.6377,0.1983,Industrials
PPC,2015-03-31,2020-03-31,1,60,2020-Q1,0.7811,0.7438,0.7713,0.6071,0.3291,Industrials
PPE,2015-03-31,2020-03-31,0.8335,60,2020-Q1,0.7945,0.8139,0.8498,0.8106,0.1397,Financials
PPH,2017-09-29,2020-03-31,1,30,2020-Q1,1.0581,0.9745,1.1511,0.8692,0.432,Consumer Services
PPR,2015-03-31,2020-03-31,0.3267,59,2020-Q1,0.236,0.2894,0.2579,0.1529,-0.0024,Financials
PRX,2019-09-30,2020-03-31,1,6,2020-Q1,0.4414,0.5727,0.5113,0.7004,0.1126,Technology
PSG,2015-03-31,2020-03-31,1,60,2020-Q1,1.2934,1.1381,1.3778,0.9419,0.397,Financials
PSV,2015-03-31,2020-03-31,0.4556,60,2020-Q1,0.9291,0.856,0.9308,0.6081,0.4741,Industrials
QFH,2015-03-31,2020-03-31,0.9848,60,2020-Q1,0.4491,0.4319,0.4929,0.2808,0.1703,Consumer Goods
QLT,2018-06-29,2020-03-31,1,21,2020-Q1,1.1758,1.1304,1.2108,1.207,0.6239,Financials
RAV,2019-02-21,2020-01-08,0.0109,3,2020-Q1,1.7608,1.3796,1.2723,0.9512,1.3231,Financials
RBP,2015-03-31,2020-03-31,1,60,2020-Q1,1.1572,0.9797,1.0061,0.5883,0.8523,Basic Materials
RBX,2015-03-31,2020-03-31,0.9992,60,2020-Q1,0.6521,0.5873,0.7019,0.3528,0.2047,Industrials
RCL,2015-03-31,2020-03-31,0.992,60,2020-Q1,0.4403,0.4043,0.473,0.1369,0.1697,Consumer Goods
RDF,2015-03-31,2020-03-31,1,60,2020-Q1,1.2255,1.0103,1.2452,0.5863,0.4697,Financials
RDI,2015-03-31,2017-03-27,0.0873,24,2020-Q1,1.1065,1.0009,1.0865,0.8464,0.6687,Basic Materials
REA,2017-04-26,2020-03-31,0.6685,35,2020-Q1,1.136,1.0206,1.118,0.794,0.6637,Financials
REB,2015-03-31,2020-03-31,0.9984,60,2020-Q1,1.1493,0.9903,1.1055,0.6964,0.5592,Financials
REM,2015-03-31,2020-03-31,1,60,2020-Q1,0.9524,0.8333,1.0837,0.6309,0.2298,Financials
REN,2015-06-30,2020-03-31,0.7048,57,2020-Q1,0.7433,0.7071,0.6491,0.2968,0.4454,Oil & Gas
RES,2015-03-31,2020-03-31,1,60,2020-Q1,1.2201,1.054,1.2328,0.7972,0.4643,Financials
RFG,2015-03-31,2020-03-31,1,60,2020-Q1,0.5858,0.5676,0.6092,0.4889,0.1372,Consumer Goods
RHB,2017-07-31,2020-03-31,0.2036,32,2020-Q1,0.4382,0.4792,0.4402,0.4212,0.2746,Financials
RLO,2015-03-31,2020-03-31,1,60,2020-Q1,0.6975,0.6155,0.7287,0.3253,0.2037,Industrials
RMH,2015-03-31,2020-03-31,1,60,2020-Q1,1.0031,0.8521,1.0476,0.4585,0.3786,Financials
RMI,2015-03-31,2020-03-31,1,60,2020-Q1,0.8223,0.7337,0.8958,0.5406,0.2523,Financials
RNG,2015-03-26,2020-03-27,0.5168,60,2020-Q1,0.871,0.8247,0.8582,0.5801,0.3933,Basic Materials
RNI,2017-11-30,2020-03-31,1,28,2020-Q1,0.8022,0.7891,0.803,0.7521,0.4597,Financials
RPL,2015-03-31,2020-03-31,1,60,2020-Q1,1.1306,1.0144,1.1359,0.8311,0.5814,Financials
RSG,2015-03-31,2020-02-28,0.1465,50,2020-Q1,1.148,1.0416,1.1179,0.9395,0.7071,Basic Materials
RTN,2015-03-23,2020-02-24,0.0677,34,2020-Q1,1.1609,1.0626,1.0977,0.9434,0.7308,Consumer Services
RTO,2015-03-17,2020-03-09,0.0405,31,2020-Q1,1.0457,0.9678,1.1422,0.9597,0.3772,Consumer Services
S32,2015-05-29,2020-03-31,1,58,2020-Q1,1.2117,1.0944,0.9274,0.7698,0.9325,Basic Materials
SAC,2015-03-31,2020-03-31,1,60,2020-Q1,1.1763,0.9949,1.2153,0.6953,0.4338,Financials
SAP,2015-03-31,2020-03-31,1,60,2020-Q1,1.3276,1.2236,1.4237,1.1772,0.3393,Basic Materials
SAR,2015-03-31,2020-03-30,0.7806,60,2020-Q1,0.407,0.3955,0.5206,0.3792,-0.0006,Financials
SBK,2015-03-31,2020-03-31,1,60,2020-Q1,1.0681,0.9147,1.1227,0.5301,0.4043,Financials
SBV,2015-03-31,2020-03-31,0.3683,59,2020-Q1,0.5312,0.5582,0.4841,0.3476,0.2637,Financials
SCD,2015-12-31,2020-03-31,0.9321,51,2020-Q1,0.8338,0.835,0.8428,0.6504,0.3072,Financials
SCP,2015-03-31,2020-03-31,0.9896,60,2020-Q1,0.4402,0.4797,0.499,0.2088,0.0667,Financials
SDO,2017-10-31,2020-03-31,1,29,2020-Q1,1.1466,1.0372,1.2167,0.8086,0.5199,Consumer Services
SEA,2016-11-30,2020-03-31,0.9218,40,2020-Q1,0.8785,0.7817,0.8932,0.3834,0.4461,Financials
SEB,2015-03-31,2020-03-31,0.775,60,2020-Q1,0.8713,0.7839,1.0035,0.6611,0.1527,Technology
SEP,2015-03-31,2020-03-31,0.8655,60,2020-Q1,0.7035,0.6638,0.7173,0.3222,0.2744,Industrials
SFN,2015-03-31,2020-03-31,0.8543,60,2020-Q1,0.699,0.6415,0.6906,0.3768,0.2705,Financials
SHG,2017-03-31,2020-03-31,0.8545,36,2020-Q1,0.2604,0.2727,0.2988,0.1421,0.0789,Consumer Goods
SHP,2015-03-31,2020-03-31,1,60,2020-Q1,0.5328,0.5112,0.6327,0.4873,0.1147,Consumer Services
SLM,2015-03-31,2020-03-31,1,60,2020-Q1,1.0626,0.916,1.155,0.636,0.3151,Financials
SNH,2015-03-31,2020-03-31,1,60,2020-Q1,0.9742,0.9184,1.0479,0.8667,0.3093,Consumer Goods
SNT,2015-03-31,2020-03-31,1,60,2020-Q1,0.3868,0.3608,0.4324,0.2659,0.1218,Financials
SNV,2015-03-31,2020-03-30,0.9968,60,2020-Q1,0.9062,0.8502,0.9474,0.6958,0.2903,Industrials
SOH,2015-03-31,2020-03-31,0.4083,60,2020-Q1,0.8163,0.7924,0.8693,0.639,0.2751,Industrials
SOL,2015-03-31,2020-03-31,1,60,2020-Q1,2.026,1.7092,1.8756,1.2538,0.8984,Basic Materials
SPA,2015-03-19,2020-03-19,0.1265,54,2020-Q1,1.0764,1.0047,1.1429,0.9795,0.4899,Basic Materials
SPG,2015-03-31,2020-03-31,1,60,2020-Q1,1.0657,0.9359,1.1042,0.6098,0.3158,Industrials
SPP,2015-03-31,2020-03-31,1,60,2020-Q1,0.6522,0.6157,0.7491,0.5873,0.1587,Consumer Services
SRE,2015-03-31,2020-03-31,1,60,2020-Q1,0.5072,0.5435,0.4839,0.4024,0.1793,Financials
SSK,2015-03-31,2020-03-31,0.9656,60,2020-Q1,0.9457,0.8754,0.9728,0.765,0.4512,Industrials
SSS,2015-11-30,2020-03-31,0.9945,52,2020-Q1,0.5136,0.4751,0.5025,0.2334,0.2323,Financials
SSW,2020-02-28,2020-03-31,1,1,2020-Q1,0,0,0,0,0,Basic Materials
STP,2015-03-31,2020-03-31,0.996,60,2020-Q1,0.6672,0.6965,0.717,0.6348,0.125,Financials
SUI,2015-03-31,2020-03-31,1,60,2020-Q1,0.9204,0.8074,0.8951,0.3536,0.4105,Consumer Services
SUR,2015-03-31,2020-03-31,0.9936,60,2020-Q1,0.7587,0.677,0.7273,0.3326,0.328,Consumer Services
SVB,2015-03-25,2020-03-31,0.5323,60,2020-Q1,0.478,0.504,0.5659,0.2217,0.0416,Technology
SVN,2015-03-11,2020-03-31,0.4133,60,2020-Q1,0.6233,0.56,0.6493,0.2998,0.1931,Financials
SYG,2015-10-30,2020-03-31,0.9918,53,2020-Q1,0.921,0.8257,0.9895,0.5834,0.3267,Financials
TAS,2015-03-31,2020-03-31,0.9776,60,2020-Q1,1.0631,0.9916,1.0528,0.9068,0.4515,Consumer Services
TBG,2015-04-30,2020-03-31,0.9228,59,2020-Q1,0.637,0.6238,0.6153,0.491,0.2799,Consumer Services
TBS,2015-03-31,2020-03-31,1,60,2020-Q1,0.6745,0.6411,0.6964,0.6045,0.2032,Consumer Goods
TCP,2015-03-31,2020-03-31,1,60,2020-Q1,0.9491,0.8503,1.0033,0.6009,0.2621,Financials
TDH,2015-03-31,2020-03-25,0.9351,60,2020-Q1,0.3657,0.385,0.3505,0.169,0.0616,Financials
TEX,2015-03-31,2020-03-31,0.984,60,2020-Q1,1.0106,0.9394,1.0058,0.6497,0.4137,Financials
TFG,2015-03-31,2020-03-31,1,60,2020-Q1,1.1869,0.9781,1.2309,0.5598,0.4703,Consumer Services
TGO,2019-06-28,2020-03-31,1,9,2020-Q1,1.4401,1.2161,1.6345,0.9548,0.7667,Consumer Services
THA,2015-03-31,2020-03-23,0.7046,60,2020-Q1,0.5938,0.5695,0.5601,0.3329,0.4161,Basic Materials
TKG,2015-03-31,2020-03-31,1,60,2020-Q1,0.9678,0.8823,0.9677,0.6592,0.3922,Telecommunications
TLM,2015-03-31,2020-03-31,0.1729,56,2020-Q1,1.1476,1.0354,1.1469,0.9478,0.6205,Telecommunications
TMT,2015-03-31,2020-03-26,0.7462,60,2020-Q1,0.5001,0.5,0.5013,0.2727,0.1615,Financials
TON,2015-03-31,2020-03-31,0.8703,53,2020-Q1,0.7089,0.6339,0.7932,0.2581,0.2165,Consumer Goods
TPC,2015-03-31,2020-03-31,0.5957,60,2020-Q1,0.3931,0.3884,0.3401,0.1339,0.193,Industrials
TPF,2016-12-28,2020-03-24,0.2039,37,2020-Q1,0.1747,0.2097,0.1532,0.0347,0.1354,Financials
TRE,2015-03-31,2020-03-31,1,60,2020-Q1,0.8269,0.7907,0.8636,0.7026,0.3388,Industrials
TRL,2015-10-30,2020-03-31,0.7362,53,2020-Q1,0.6504,0.5585,0.7164,0.3663,0.2561,Industrials
TRU,2015-03-31,2020-03-31,1,60,2020-Q1,1.0147,0.857,1.125,0.5097,0.2691,Consumer Services
TSG,2015-03-31,2020-03-31,1,60,2020-Q1,1.2386,1.0342,1.2663,0.6219,0.4699,Consumer Services
TTO,2015-03-31,2020-03-31,0.9271,60,2020-Q1,1.222,1.0921,1.231,0.964,0.5696,Financials
TWR,2015-03-31,2020-03-31,0.9223,60,2020-Q1,1.0492,0.8978,1.0699,0.4987,0.366,Financials
TXT,2019-12-31,2020-03-31,1,3,2020-Q1,1.0481,0.959,1.0538,0.829,0.551,Industrials
UCP,2015-03-31,2020-03-31,0.8511,60,2020-Q1,0.7594,0.7029,0.681,0.4113,0.5455,Basic Materials
UPL,2016-08-30,2020-02-20,0.1717,36,2020-Q1,0.4961,0.4769,0.4332,0.1329,0.3009,Financials
VIS,2015-03-31,2019-06-28,0.2818,35,2020-Q1,1.0528,0.9432,1.0857,0.7361,0.4351,Financials
VKE,2015-03-31,2020-03-31,1,60,2020-Q1,1.0142,0.8421,1.03,0.3873,0.3818,Financials
VLE,2015-03-31,2020-03-31,0.8239,60,2020-Q1,0.7061,0.6792,0.706,0.4709,0.2934,Industrials
VOD,2015-03-31,2020-03-31,1,60,2020-Q1,0.5402,0.5304,0.5743,0.4155,0.1781,Telecommunications
VUN,2015-03-27,2020-03-31,0.3893,60,2020-Q1,0.4212,0.4465,0.4241,0.3375,0.1299,Financials
VVO,2018-05-31,2020-03-31,0.8261,22,2020-Q1,0.6997,0.7439,0.7019,0.7655,0.3708,Consumer Services
WBO,2015-03-31,2020-03-31,1,60,2020-Q1,0.8403,0.755,0.8834,0.5138,0.3047,Industrials
WEA,2015-03-31,2018-06-29,0.4019,39,2020-Q1,1.016,0.9336,1.0398,0.7539,0.4707,Industrials
WEZ,2015-03-31,2020-03-31,0.9928,60,2020-Q1,0.6302,0.5915,0.5633,0.2504,0.3974,Basic Materials
WHL,2015-03-31,2020-03-31,1,60,2020-Q1,0.9245,0.8242,1.0642,0.7408,0.1818,Consumer Services
WKF,2015-03-30,2020-03-30,0.4136,60,2020-Q1,0.7743,0.7281,0.7658,0.5481,0.3637,Industrials
WSL,2015-03-31,2020-03-31,0.992,60,2020-Q1,0.6528,0.6502,0.6456,0.4833,0.314,Basic Materials
YRK,2015-03-31,2020-03-31,0.9047,60,2020-Q1,0.5498,0.5114,0.5686,0.1535,0.2444,Basic Materials
ZCL,2017-11-30,2020-03-31,0.9399,28,2020-Q1,0.7691,0.7852,0.769,0.7167,0.4609,Financials
ZED,2015-03-31,2020-03-31,1,60,2020-Q1,0.8088,0.7346,0.8126,0.6465,0.4053,Financials
4SI,2017-10-31,2020-06-30,0.9127,32,2020-Q2,1.0864,1.021,1.1073,0.928,0.6232,Financials
ABG,2015-06-30,2020-06-30,1,60,2020-Q2,1.1103,0.9535,1.2285,0.5816,0.4198,Financials
ACE,2015-06-29,2020-06-30,0.364,60,2020-Q2,0.8726,0.8492,0.9428,0.8473,0.4827,Industrials
ACG,2015-06-30,2020-06-30,0.9904,60,2020-Q2,0.4259,0.4314,0.5288,0.4597,0.0306,Financials
ACL,2015-06-30,2020-06-30,0.9992,60,2020-Q2,1.0759,0.9266,1.0989,0.7983,0.6371,Basic Materials
ACS,2015-06-25,2020-06-30,0.2372,57,2020-Q2,0.6807,0.6354,0.8063,0.5854,0.2249,Financials
ACT,2015-06-30,2020-06-30,0.9696,60,2020-Q2,0.492,0.479,0.5242,0.4598,0.2321,Health Care
ACZ,2017-11-24,2020-06-02,0.1223,24,2020-Q2,1.0637,0.9892,1.1315,0.8908,0.5634,Financials
ADH,2015-06-30,2020-06-30,1,60,2020-Q2,0.7808,0.7203,0.9801,0.731,0.1824,Consumer Services
ADI,2015-06-30,2020-06-30,1,60,2020-Q2,0.7924,0.7485,0.894,0.7845,0.2482,Technology
ADR,2015-06-30,2020-06-30,0.988,60,2020-Q2,0.4728,0.4077,0.6403,0.3194,0.1301,Industrials
ADW,2015-06-30,2020-06-30,0.5733,55,2020-Q2,0.8537,0.8183,0.8635,0.8043,0.5369,Financials
AEE,2015-06-30,2020-06-30,0.8599,60,2020-Q2,0.6842,0.5982,0.7526,0.4018,0.3377,Financials
AEG,2015-06-30,2020-06-30,1,60,2020-Q2,1.0267,0.9209,1.0837,0.8462,0.5421,Industrials
AEL,2015-06-30,2020-06-30,0.9808,60,2020-Q2,0.6568,0.6305,0.6432,0.53,0.4082,Technology
AFE,2015-06-30,2020-06-30,1,60,2020-Q2,0.6564,0.5645,0.6888,0.3977,0.3088,Basic Materials
AFH,2015-06-30,2020-06-30,1,60,2020-Q2,0.5269,0.4355,0.5735,0.3634,0.2985,Financials
AFT,2015-06-30,2020-06-30,0.9992,60,2020-Q2,0.4526,0.4132,0.4703,0.3036,0.1537,Industrials
AFX,2015-06-30,2020-06-30,0.9928,60,2020-Q2,0.3927,0.31,0.4143,0.2053,0.1864,Basic Materials
AGL,2015-06-30,2020-06-30,1,60,2020-Q2,1.2378,1.0738,0.9004,0.629,1.1995,Basic Materials
AHA,2015-06-24,2020-06-30,0.4374,60,2020-Q2,0.4493,0.4057,0.5925,0.4418,0.1076,Financials
AHB,2015-06-29,2020-06-30,0.3632,59,2020-Q2,0.3417,0.312,0.4249,0.2777,0.0948,Financials
AHL,2015-06-23,2020-06-26,0.0869,44,2020-Q2,-0.5172,-0.3982,-0.2222,-0.02,-0.1643,Consumer Goods
AIL,2017-09-29,2020-06-30,1,33,2020-Q2,0.4839,0.5189,0.5951,0.7364,0.2391,Financials
AIP,2015-06-30,2020-06-30,1,60,2020-Q2,0.6512,0.6044,0.7584,0.6587,0.232,Health Care
ALH,2015-06-30,2020-06-30,0.811,60,2020-Q2,0.271,0.2157,0.2629,0.0412,0.2394,Technology
ALP,2015-06-17,2020-06-30,0.7528,60,2020-Q2,0.5835,0.5512,0.562,0.4454,0.2499,Financials
AME,2015-06-30,2020-06-29,0.3171,59,2020-Q2,0.0385,0.016,0.0552,-0.0061,0.012,Consumer Services
AMS,2015-06-30,2020-06-30,1,60,2020-Q2,1.5414,1.3285,1.23,0.872,1.2002,Basic Materials
ANG,2015-06-30,2020-06-30,1,60,2020-Q2,1.0688,0.9683,0.8406,0.7913,0.8973,Basic Materials
ANH,2016-01-29,2020-06-30,0.9991,53,2020-Q2,0.9289,0.9504,1.106,1.1832,0.2906,Consumer Goods
AON,2015-06-30,2020-05-20,0.0368,25,2020-Q2,1.0263,0.9902,1.1285,0.9529,0.4048,Consumer Services
AOO,2015-07-07,2020-06-02,0.0113,12,2020-Q2,1.1326,1.0833,1.1436,1.0296,0.4763,Consumer Services
APF,2015-06-30,2020-06-30,0.9896,60,2020-Q2,1.7949,1.5768,1.7722,1.0906,0.7465,Financials
APH,2018-03-26,2020-06-18,0.1489,25,2020-Q2,0.9217,0.879,0.8566,0.7429,0.5798,Basic Materials
APN,2015-06-30,2020-06-30,1,60,2020-Q2,1.2975,1.2111,1.3457,1.0935,0.5337,Health Care
ARA,2015-11-30,2020-03-06,0.9116,52,2020-Q2,0.2422,0.2816,0.1909,0.3129,0.1857,Financials
ARH,2015-06-30,2020-06-30,0.6509,60,2020-Q2,0.1461,0.136,0.3123,0.1571,-0.0509,Industrials
ARI,2015-06-30,2020-06-30,1,60,2020-Q2,1.5219,1.2959,1.1834,0.8228,1.2496,Basic Materials
ARL,2015-06-30,2020-06-30,1,60,2020-Q2,0.6795,0.6313,0.7446,0.5792,0.3571,Consumer Goods
ART,2015-06-30,2020-06-30,0.9303,60,2020-Q2,0.2371,0.2363,0.4648,0.3078,-0.0916,Industrials
ASC,2015-06-30,2020-06-30,1,60,2020-Q2,1.5664,1.4643,1.5628,1.2654,0.6783,Health Care
ASR,2015-06-30,2020-05-19,0.9768,59,2020-Q2,0.6286,0.5709,0.503,0.5661,0.6052,Basic Materials
ATT,2015-06-30,2020-06-30,1,60,2020-Q2,1.2511,1.0775,1.3331,0.7407,0.4972,Financials
AVI,2015-06-30,2020-06-30,1,60,2020-Q2,0.7116,0.6609,0.8087,0.6255,0.2336,Consumer Goods
AVL,2015-06-30,2020-06-30,0.9384,60,2020-Q2,0.0977,0.1521,0.3277,0.3302,-0.1052,Health Care
AVV,2015-06-30,2020-06-30,0.9976,60,2020-Q2,1.0263,0.8993,1.1382,0.7952,0.3443,Technology
AXL,2017-02-28,2020-06-23,0.9928,40,2020-Q2,0.6343,0.6213,0.6448,0.611,0.4152,Financials
AYO,2017-12-22,2020-06-30,0.4345,30,2020-Q2,0.8509,0.8261,0.8249,0.655,0.556,Technology
BAT,2015-06-30,2020-06-30,1,60,2020-Q2,1.5428,1.424,1.7041,1.2029,0.5011,Financials
BAU,2015-06-30,2020-06-29,0.739,60,2020-Q2,0.8416,0.7997,0.8092,0.7225,0.5016,Basic Materials
BAW,2015-06-30,2020-06-30,1,60,2020-Q2,0.9389,0.7931,1.0052,0.582,0.4067,Industrials
BCF,2015-06-30,2020-06-30,0.8943,60,2020-Q2,0.1193,0.1186,0.2442,0.1631,-0.1031,Industrials
BEL,2015-06-30,2020-06-30,0.775,60,2020-Q2,0.68,0.6234,0.7609,0.5807,0.2819,Industrials
BHP,2015-06-30,2020-06-30,1,60,2020-Q2,1.1713,1.1425,0.9419,0.8852,0.8183,Basic Materials
BID,2016-05-31,2020-06-30,1,49,2020-Q2,1.1887,1.1108,1.3315,1.0052,0.5386,Consumer Services
BLU,2015-06-30,2020-06-30,1,60,2020-Q2,1.3341,1.2083,1.3998,1.0731,0.5506,Telecommunications
BRN,2015-06-30,2020-06-30,0.7934,60,2020-Q2,0.197,0.155,0.2478,0.0685,0.0761,Financials
BRT,2015-06-22,2020-06-30,0.4494,60,2020-Q2,0.2915,0.258,0.3399,0.2975,0.1514,Financials
BSR,2015-06-30,2018-06-18,0.5693,36,2020-Q2,1.0594,0.9469,1.17,0.8082,0.369,Industrials
BTI,2015-06-30,2020-06-30,1,60,2020-Q2,0.7652,0.7912,0.7741,0.9071,0.2799,Consumer Goods
BUC,2015-06-24,2020-06-30,0.0615,42,2020-Q2,1.1249,1.0363,1.1854,0.9174,0.5836,Basic Materials
BVT,2015-06-30,2020-06-30,1,60,2020-Q2,0.7212,0.6183,0.9403,0.6179,0.1429,Industrials
BWN,2015-10-30,2020-06-30,0.9957,56,2020-Q2,0.284,0.2539,0.3785,0.198,0.1009,Financials
CAC,2015-09-17,2020-01-13,0.0109,12,2020-Q2,1.2423,1.147,1.2697,0.9978,0.6404,Industrials
CAT,2015-06-30,2020-06-30,0.8831,60,2020-Q2,0.1269,0.1243,0.2408,0.1622,-0.0067,Consumer Services
CCO,2015-06-30,2020-06-30,1,60,2020-Q2,0.7215,0.7425,0.8299,0.6959,0.1832,Financials
CFR,2015-06-30,2020-06-30,1,60,2020-Q2,1.0123,1.0235,1.0159,1.0383,0.4298,Consumer Goods
CGN,2015-06-30,2020-06-30,0.5332,60,2020-Q2,0.7096,0.7383,0.742,0.7559,0.3036,Technology
CGR,2015-06-30,2020-06-30,0.9472,60,2020-Q2,0.3497,0.3529,0.418,0.2485,0.1428,Industrials
CHP,2015-06-30,2018-11-01,0.6669,41,2020-Q2,0.7238,0.6549,0.7325,0.5109,0.3354,Consumer Services
CIL,2015-06-30,2020-06-30,0.9832,60,2020-Q2,0.8861,0.818,0.8708,0.7528,0.4586,Industrials
CKS,2015-06-30,2020-06-30,0.5188,60,2020-Q2,0.0735,0.0371,-0.0235,-0.0667,0.1585,Consumer Goods
CLH,2015-06-30,2020-06-30,1,60,2020-Q2,1.0786,0.9159,1.2348,0.7003,0.3396,Consumer Services
CLI,2015-06-30,2020-06-30,0.9432,60,2020-Q2,0.261,0.2226,0.3921,0.2211,0.0335,Financials
CLS,2015-06-30,2020-06-30,1,60,2020-Q2,0.2222,0.2114,0.3151,0.2602,0.0662,Consumer Services
CMH,2015-06-30,2020-06-30,0.9151,60,2020-Q2,0.8559,0.7655,0.9825,0.6779,0.3299,Consumer Services
CML,2015-06-30,2020-06-30,0.9496,57,2020-Q2,1.0778,0.9437,1.0943,0.7849,0.5319,Financials
CMO,2015-06-30,2020-06-30,0.6061,60,2020-Q2,1.0948,1.0011,1.0827,0.8599,0.6859,Basic Materials
CND,2015-06-30,2020-06-30,0.811,60,2020-Q2,1.1544,1.1052,1.1507,1.0248,0.5111,Financials
COH,2015-06-30,2020-06-30,1,60,2020-Q2,1.4729,1.3392,1.6667,1.1799,0.4353,Consumer Services
COM,2015-06-30,2020-05-05,0.9512,59,2020-Q2,0.6952,0.5223,0.7967,0.2066,0.3611,Consumer Services
CPI,2015-06-30,2020-06-30,1,60,2020-Q2,0.9467,0.8236,1.0571,0.6067,0.3578,Financials
CRP,2015-10-30,2020-06-30,0.9347,56,2020-Q2,1.1642,1.0677,1.207,0.9207,0.6147,Financials
CSB,2015-06-30,2020-06-30,1,60,2020-Q2,0.8759,0.7742,1.0695,0.7116,0.2493,Consumer Services
CSG,2015-06-30,2020-06-30,0.9127,60,2020-Q2,0.3017,0.2893,0.4062,0.3236,0.0791,Industrials
CTA,2015-10-30,2020-06-30,0.963,56,2020-Q2,0.5789,0.5608,0.4847,0.3355,0.3691,Technology
CTK,2015-06-30,2020-06-30,0.8647,60,2020-Q2,0.7057,0.6447,0.8166,0.5611,0.219,Industrials
CVW,2018-01-31,2020-06-30,0,29,2020-Q2,0.0215,0.0238,0,0.0058,0.0346,Financials
DCP,2016-11-30,2020-06-30,1,43,2020-Q2,0.4046,0.4175,0.6835,0.7023,-0.0121,Consumer Services
DIA,2015-06-29,2020-06-30,0.7176,60,2020-Q2,0.2308,0.1545,0.3068,0.1094,0.0744,Financials
DIB,2015-06-26,2020-06-30,0.5755,60,2020-Q2,1.1038,1.0028,0.9638,0.6746,0.6259,Financials
DLT,2015-06-30,2020-06-30,1,60,2020-Q2,1.4935,1.3395,1.4436,0.9349,0.7254,Financials
DNB,2015-06-30,2020-06-23,0.4043,60,2020-Q2,0.1139,0.1178,0.1189,0.1039,0.0539,Financials
DRD,2015-06-30,2020-06-30,1,60,2020-Q2,1.1238,1.0089,1.0018,0.8726,0.7116,Basic Materials
DSY,2015-06-30,2020-06-30,1,60,2020-Q2,1.2318,1.1167,1.3723,0.9012,0.3973,Financials
DTC,2015-06-30,2020-06-30,1,60,2020-Q2,0.3539,0.3222,0.4262,0.2741,0.1709,Technology
ECS,2015-06-29,2020-06-30,0.8008,60,2020-Q2,1.0804,1.0209,1.1306,0.9622,0.5,Financials
EEL,2015-06-30,2020-06-30,0.9528,60,2020-Q2,1.1709,1.0732,1.2367,0.9564,0.525,Oil & Gas
EFG,2015-06-30,2020-06-09,0.4956,60,2020-Q2,0.3246,0.3741,0.3202,0.459,0.1737,Financials
ELI,2015-06-30,2020-06-30,0.9936,60,2020-Q2,0.7227,0.7542,0.8751,0.9802,0.2303,Industrials
ELR,2015-06-29,2020-06-30,0.624,60,2020-Q2,0.5239,0.4379,0.6287,0.2747,0.2589,Industrials
EMH,2015-06-29,2020-06-26,0.324,60,2020-Q2,0.5799,0.5471,0.5719,0.4973,0.4232,Consumer Services
EMI,2015-06-30,2020-06-30,1,60,2020-Q2,0.997,0.8656,1.126,0.6117,0.3536,Financials
EMN,2015-06-30,2020-05-19,0.3883,59,2020-Q2,0.9498,0.8921,1.0355,0.8713,0.4933,Consumer Services
ENX,2015-06-30,2020-06-30,0.8159,60,2020-Q2,0.2613,0.2174,0.4539,0.2832,-0.0237,Industrials
EOH,2015-06-30,2020-06-30,1,60,2020-Q2,1.4009,1.2743,1.5678,1.2032,0.5011,Technology
EPE,2016-08-31,2020-06-30,0.9791,46,2020-Q2,0.8135,0.7236,0.9554,0.5722,0.3639,Financials
EPP,2016-09-30,2020-06-30,1,45,2020-Q2,1.1202,1.0059,1.2048,0.7634,0.5639,Financials
EPS,2015-06-30,2020-06-30,0.3891,59,2020-Q2,1.4577,1.374,1.4576,1.1587,0.8374,Basic Materials
EQU,2015-06-30,2020-06-30,0.9488,60,2020-Q2,0.4126,0.3656,0.4823,0.3612,0.1202,Financials
ERN,2015-06-29,2018-03-27,0.0616,27,2020-Q2,0.5777,0.5936,0.6624,0.5559,0.1483,Oil & Gas
ESR,2015-06-30,2018-08-17,0.5749,38,2020-Q2,1.1134,1.0125,1.2401,0.8955,0.3514,Industrials
ETO,2015-06-30,2020-06-30,0.8775,60,2020-Q2,1.0564,0.9745,0.988,0.7223,0.6001,Technology
EUZ,2015-06-30,2020-06-25,0.7014,60,2020-Q2,1.1278,1.061,1.1573,0.9941,0.6417,Basic Materials
EXP,2018-08-22,2020-06-08,0.0952,16,2020-Q2,0.1122,0.1163,0.0831,0.0767,0.1315,Financials
EXX,2015-06-30,2020-06-30,1,60,2020-Q2,1.0775,0.9053,0.8695,0.6022,0.8973,Basic Materials
FBR,2015-06-30,2020-06-30,1,60,2020-Q2,1.619,1.4298,1.5933,1.0287,0.6901,Consumer Services
FDP,2015-06-30,2016-06-30,0.1785,12,2020-Q2,1.148,1.1173,1.2836,1.102,0.3389,Financials
FFA,2015-06-30,2020-06-30,1,60,2020-Q2,0.8451,0.722,0.8914,0.4473,0.3166,Financials
FFB,2015-06-30,2020-06-30,1,60,2020-Q2,2.0206,1.7922,2.0885,1.4051,0.7408,Financials
FGL,2015-06-30,2020-06-25,0.9472,60,2020-Q2,0.7087,0.6579,0.596,0.4075,0.5253,Financials
FSR,2015-06-30,2020-06-30,1,60,2020-Q2,0.7485,0.6196,0.8551,0.3417,0.2975,Financials
FVT,2015-06-26,2020-06-30,0.8801,60,2020-Q2,0.578,0.4974,0.6498,0.3438,0.2172,Financials
GAI,2015-11-30,2020-06-30,0.6305,55,2020-Q2,-0.0841,-0.077,-0.0731,-0.0341,-0.0168,Financials
GFI,2015-06-30,2020-06-30,1,60,2020-Q2,1.0383,0.9404,0.8692,0.7634,0.731,Basic Materials
GLI,2016-11-30,2020-06-11,0.2121,40,2020-Q2,0.7561,0.7173,0.7465,0.6619,0.5054,Health Care
GLN,2015-06-30,2020-06-30,1,60,2020-Q2,1.654,1.4641,1.448,1.1075,1.0942,Basic Materials
GML,2015-06-30,2020-06-30,0.9808,60,2020-Q2,0.376,0.3442,0.4658,0.2766,0.1204,Basic Materials
GND,2015-06-30,2020-06-30,1,60,2020-Q2,1.1775,1.0447,1.1794,0.7881,0.5708,Industrials
GPL,2015-06-30,2020-06-30,0.9816,60,2020-Q2,0.5685,0.5392,0.7326,0.5365,0.174,Financials
GRF,2015-06-30,2019-03-11,0.739,45,2020-Q2,1.1547,1.0468,1.2014,0.8788,0.6029,Industrials
GRT,2015-06-30,2020-06-30,1,60,2020-Q2,0.7329,0.615,0.8302,0.4303,0.262,Financials
GSH,2018-06-29,2020-06-30,0.992,24,2020-Q2,0.8303,0.7713,1.0461,0.8406,0.3171,Industrials
GTC,2016-08-25,2020-05-28,0.05,23,2020-Q2,0.4763,0.4522,0.6385,0.5691,0.1439,Financials
GTR,2015-06-23,2020-06-30,0.681,60,2020-Q2,0.3463,0.2907,0.3899,0.1935,0.1038,Financials
HAR,2015-06-30,2020-06-30,1,60,2020-Q2,1.202,1.0543,1.0931,0.8303,0.799,Basic Materials
HCI,2015-06-30,2020-06-30,1,60,2020-Q2,1.1985,1.0316,1.3155,0.7868,0.5004,Financials
HDC,2015-06-30,2020-06-30,1,60,2020-Q2,0.5434,0.4271,0.6863,0.3174,0.1596,Industrials
HET,2017-07-31,2020-01-13,0.0371,16,2020-Q2,0.0486,0.046,0.0176,0.0341,0.0625,Financials
HIL,2015-06-29,2020-06-29,0.2968,59,2020-Q2,0.3282,0.3097,0.3312,0.1965,0.1529,Consumer Services
HLM,2015-06-30,2020-06-30,0.944,57,2020-Q2,1.3013,1.202,1.3699,1.0372,0.4928,Basic Materials
HMN,2016-09-30,2020-06-30,1,45,2020-Q2,1.151,1.0262,1.2243,0.6786,0.5995,Financials
HPB,2015-06-30,2020-06-30,0.8863,60,2020-Q2,1.0332,0.891,1.1057,0.7019,0.4733,Financials
HPR,2018-05-31,2020-06-30,0.7519,22,2020-Q2,0.3524,0.3153,0.4622,0.221,0.1445,Consumer Services
HUG,2015-06-30,2020-06-30,0.8191,60,2020-Q2,0.3202,0.2762,0.281,0.2171,0.1974,Telecommunications
HUL,2016-04-28,2020-06-30,0.2507,50,2020-Q2,0.7071,0.6621,0.7665,0.5976,0.4741,Financials
HWA,2015-06-29,2018-10-15,0.076,34,2020-Q2,1.1567,1.0571,1.1895,0.9166,0.6332,Basic Materials
HYP,2015-06-30,2020-06-30,1,60,2020-Q2,1.3049,1.1099,1.4914,0.8732,0.4514,Financials
IAP,2015-06-30,2020-06-30,1,60,2020-Q2,0.5831,0.5472,0.5585,0.4244,0.2523,Financials
ILE,2015-06-26,2020-06-30,0.3685,47,2020-Q2,1.3123,1.2022,1.3342,1.0851,0.6694,Consumer Goods
ILU,2015-06-30,2020-06-30,0.8086,57,2020-Q2,0.3603,0.3157,0.533,0.3654,-0.0313,Financials
IMP,2015-06-30,2020-06-30,0.9496,57,2020-Q2,1.4859,1.2875,1.3111,0.9532,0.9885,Basic Materials
INL,2015-06-30,2020-06-30,0.9496,57,2020-Q2,1.4543,1.3254,1.5839,1.0146,0.5114,Financials
INP,2015-06-30,2020-06-30,0.9496,57,2020-Q2,1.4656,1.3423,1.5685,1.0118,0.5346,Financials
IPF,2015-06-30,2020-06-30,0.9496,57,2020-Q2,1.0975,0.9601,1.1071,0.6401,0.4746,Financials
IPL,2015-06-30,2020-06-30,0.9496,57,2020-Q2,1.4739,1.2687,1.3832,0.864,0.7769,Industrials
ISA,2015-06-30,2020-06-30,0.7214,57,2020-Q2,0.5104,0.4781,0.4418,0.2602,0.3748,Technology
ISB,2015-06-26,2020-06-30,0.7666,60,2020-Q2,0.5158,0.45,0.5815,0.4157,0.1798,Basic Materials
ITE,2015-06-30,2020-06-30,0.9359,57,2020-Q2,0.4486,0.4039,0.4888,0.3429,0.1736,Consumer Services
ITU,2015-06-30,2020-06-26,0.948,57,2020-Q2,1.1038,0.9992,1.0874,0.6478,0.5096,Financials
IVT,2015-06-30,2020-06-30,0.9472,57,2020-Q2,0.8373,0.6905,0.9906,0.5946,0.3148,Industrials
JBL,2015-06-30,2020-06-30,0.9488,57,2020-Q2,1.3015,1.2627,1.4639,1.3022,0.4016,Basic Materials
JSC,2015-06-30,2020-06-30,0.7062,56,2020-Q2,1.1543,1.0588,1.0922,0.9493,0.6909,Technology
JSE,2015-06-30,2020-06-30,0.9496,57,2020-Q2,0.4882,0.4172,0.5393,0.2804,0.197,Financials
KAL,2017-06-30,2020-06-30,0.8318,33,2020-Q2,0.2626,0.2537,0.3912,0.3104,0.0839,Consumer Services
KAP,2015-06-30,2020-06-30,0.9496,57,2020-Q2,1.3907,1.234,1.4755,0.9676,0.5239,Industrials
KBO,2015-06-30,2020-06-30,0.5324,57,2020-Q2,0.9597,0.8773,1.0377,0.7952,0.5,Basic Materials
KDV,2015-06-18,2020-06-10,0.1042,48,2020-Q2,0.9427,0.8777,0.9948,0.8294,0.5083,Industrials
KIO,2015-06-30,2020-06-30,1,60,2020-Q2,1.1226,0.9413,0.8808,0.6086,1.104,Basic Materials
KP2,2018-04-30,2020-06-30,0.4871,26,2020-Q2,1.0429,0.9649,1.1796,0.8961,0.475,Basic Materials
KST,2015-06-30,2020-06-30,0.9984,60,2020-Q2,0.7269,0.6814,0.8074,0.5724,0.2499,Financials
L2D,2016-12-30,2020-06-30,0.9977,42,2020-Q2,0.6603,0.6188,0.7243,0.5438,0.3531,Financials
L4L,2017-04-28,2020-06-30,1,38,2020-Q2,0.4109,0.3888,0.463,0.3203,0.2385,Financials
LBH,2015-06-30,2020-06-30,1,60,2020-Q2,0.9724,0.8284,1.096,0.6418,0.3632,Financials
LBR,2018-05-31,2020-06-30,1,25,2020-Q2,0.7823,0.7683,0.9522,0.7719,0.3547,Consumer Goods
LEW,2015-06-30,2020-06-30,1,60,2020-Q2,0.4442,0.3421,0.4413,0.104,0.336,Consumer Services
LHC,2015-06-30,2020-06-30,1,60,2020-Q2,0.6807,0.5977,0.7905,0.5582,0.2444,Health Care
LNF,2015-06-19,2020-06-09,0.0573,41,2020-Q2,1.0502,0.9534,1.0722,0.799,0.5411,Financials
LTE,2016-06-30,2020-06-30,0.998,48,2020-Q2,1.263,1.1836,1.4224,1.1805,0.5355,Financials
MCG,2019-02-28,2020-06-30,1,16,2020-Q2,0.9426,0.9358,1.0753,1.1422,0.5474,Consumer Services
MCZ,2015-06-30,2020-06-30,0.9408,60,2020-Q2,1.3961,1.2932,1.5187,1.1085,0.5263,Basic Materials
MDI,2015-06-30,2020-06-30,0.9744,60,2020-Q2,0.7777,0.7163,0.8805,0.6743,0.2713,Industrials
MED,2015-06-29,2016-12-02,0.2008,18,2020-Q2,1.195,1.0982,1.2227,0.9595,0.6854,Basic Materials
MEI,2016-02-29,2020-06-30,1,52,2020-Q2,0.8396,0.7989,0.9958,0.8749,0.2977,Health Care
MFL,2015-06-30,2020-06-30,0.9888,60,2020-Q2,0.5691,0.5186,0.8085,0.5821,0.0672,Industrials
MIX,2015-06-30,2020-06-30,0.9231,60,2020-Q2,0.6763,0.6366,0.8262,0.595,0.2312,Industrials
MLE,2018-05-31,2020-06-30,0.8231,25,2020-Q2,0.8532,0.7943,0.9708,0.7788,0.4247,Financials
MMP,2015-06-30,2020-06-22,0.3355,60,2020-Q2,0.5368,0.5193,0.4843,0.3206,0.3457,Industrials
MNK,2015-06-30,2020-06-30,0.9295,60,2020-Q2,0.7579,0.7284,0.9421,0.6509,0.1816,Oil & Gas
MNP,2015-06-30,2020-06-30,1,60,2020-Q2,0.7323,0.7462,0.7704,0.7107,0.2842,Basic Materials
MPT,2015-06-30,2020-06-30,1,60,2020-Q2,0.9397,0.8196,0.9907,0.6382,0.3922,Industrials
MRF,2015-06-30,2020-06-30,0.9992,60,2020-Q2,1.3301,1.2006,1.2259,0.8975,0.7367,Basic Materials
MRI,2015-06-30,2016-07-26,0.1409,13,2020-Q2,0.9709,0.9065,1.0153,0.8095,0.4997,Industrials
MRP,2015-06-30,2020-06-30,1,60,2020-Q2,1.1337,1.0023,1.2441,0.8158,0.4442,Consumer Services
MSM,2015-06-30,2020-06-30,1,60,2020-Q2,1.2541,1.0653,1.4648,0.908,0.4517,Consumer Services
MSP,2015-06-30,2020-06-30,0.9992,60,2020-Q2,1.2022,1.1348,1.3531,1.0372,0.3524,Financials
MST,2015-06-30,2020-06-30,0.8503,60,2020-Q2,0.3136,0.279,0.3088,0.1439,0.1646,Technology
MTA,2015-06-30,2020-06-30,1,60,2020-Q2,0.9976,0.8809,1.1029,0.7217,0.4205,Consumer Goods
MTH,2018-11-30,2020-06-30,1,19,2020-Q2,1.6102,1.4532,1.863,1.1547,0.7844,Consumer Services
MTM,2015-06-30,2020-06-30,1,60,2020-Q2,0.8454,0.7334,0.8924,0.5779,0.3781,Financials
MTN,2015-06-30,2020-06-30,1,60,2020-Q2,0.7431,0.6282,0.8037,0.4423,0.3309,Telecommunications
MUR,2015-06-30,2020-06-30,1,60,2020-Q2,0.9605,0.8214,0.9981,0.6149,0.5303,Industrials
MZR,2015-06-30,2020-05-21,0.2138,56,2020-Q2,0.987,0.8951,1.0551,0.7835,0.442,Industrials
N91,2020-03-31,2020-06-30,1,3,2020-Q2,0.3848,0.406,0.0076,-0.1666,0.3785,Financials
NCS,2015-06-30,2020-06-30,0.1777,59,2020-Q2,0.3106,0.4203,0.3893,0.5458,0.1778,Consumer Services
NED,2015-06-30,2020-06-30,1,60,2020-Q2,1.2903,1.1122,1.3902,0.722,0.5019,Financials
NFP,2015-10-28,2020-06-30,0.1974,44,2020-Q2,1.2992,1.1818,1.3356,0.9829,0.6676,Financials
NHM,2015-06-30,2020-06-30,1,60,2020-Q2,1.6804,1.4441,1.4374,1.0174,1.0914,Basic Materials
NIV,2015-06-30,2020-05-19,0.6517,59,2020-Q2,0.9229,0.8319,0.9568,0.6515,0.4772,Financials
NPK,2015-06-30,2020-06-30,1,60,2020-Q2,1.8213,1.6231,1.7892,1.1615,0.7866,Industrials
NPN,2015-06-30,2020-06-30,1,60,2020-Q2,1.1368,1.1742,1.3606,1.435,0.2975,Technology
NRL,2016-02-25,2020-06-24,0.0989,39,2020-Q2,0.2496,0.2175,0.2589,0.0865,0.1349,Financials
NRP,2017-07-31,2020-06-30,1,35,2020-Q2,1.2203,1.1372,1.2822,0.8991,0.6966,Financials
NT1,2015-06-30,2020-06-30,0.7206,60,2020-Q2,0.4231,0.4065,0.5113,0.3538,0.2519,Industrials
NTC,2015-06-30,2020-06-30,1,60,2020-Q2,0.6612,0.5821,0.7473,0.4958,0.2653,Health Care
NUT,2015-06-30,2020-06-26,0.6581,60,2020-Q2,1.2315,1.1582,1.221,1.0176,0.7355,Health Care
NVE,2015-06-30,2020-06-30,0.5052,60,2020-Q2,0.2024,0.1638,0.3506,0.1423,-0.0023,Financials
NVS,2015-06-30,2020-06-30,0.9632,60,2020-Q2,0.4329,0.4118,0.5845,0.5418,0.1058,Industrials
NWL,2015-06-30,2020-06-30,0.7558,60,2020-Q2,0.2752,0.2291,0.3856,0.23,0.1405,Consumer Goods
NY1,2020-03-31,2020-06-30,1,3,2020-Q2,0.9433,0.8859,0.959,0.7483,0.5482,Financials
OAO,2015-06-30,2020-06-30,0.3811,55,2020-Q2,1.2188,1.1144,1.2232,0.9513,0.6902,Oil & Gas
OAS,2015-06-29,2020-06-29,0.1392,54,2020-Q2,-0.0553,-0.0635,-0.0761,-0.0658,-0.0114,Financials
OCE,2015-06-30,2020-06-30,0.9992,60,2020-Q2,0.5663,0.5239,0.5391,0.4928,0.2421,Consumer Goods
OCT,2015-06-30,2020-06-30,1,60,2020-Q2,0.7265,0.6034,0.8656,0.4483,0.2403,Financials
OLG,2015-06-30,2020-06-30,0.9039,60,2020-Q2,0.1567,0.1877,0.3082,0.3421,0.0148,Industrials
OMN,2015-06-30,2020-06-30,1,60,2020-Q2,1.2286,1.0986,1.3131,1.0091,0.5459,Basic Materials
OMU,2018-06-29,2020-06-30,1,24,2020-Q2,1.2526,1.2042,1.5155,1.1296,0.5798,Financials
ORN,2017-09-28,2020-06-30,0.9243,33,2020-Q2,1.4809,1.3774,1.4626,1.1479,0.874,Basic Materials
PAN,2015-06-30,2020-06-30,1,60,2020-Q2,1.1255,1.0256,0.9611,0.8574,0.7678,Basic Materials
PBG,2015-06-30,2020-06-30,0.8351,60,2020-Q2,1.0465,0.9701,1.1667,0.8943,0.4726,Technology
PEM,2017-03-31,2020-06-30,0.7083,33,2020-Q2,0.9624,0.8987,1.0004,0.8445,0.5369,Consumer Services
PFB,2017-03-31,2020-06-30,0.6724,39,2020-Q2,0.2719,0.2801,0.2949,0.3183,0.1948,Consumer Goods
PGR,2015-06-30,2020-06-30,1,60,2020-Q2,0.7593,0.6964,0.764,0.5943,0.3293,Financials
PHM,2015-06-30,2020-05-08,0.8567,59,2020-Q2,0.1083,0.1103,0.2284,0.0225,0.0231,Consumer Services
PIK,2015-06-30,2020-06-30,1,60,2020-Q2,0.4927,0.4494,0.637,0.5149,0.1075,Consumer Services
PMV,2015-06-30,2020-06-29,0.289,59,2020-Q2,0.7439,0.7188,0.8155,0.6846,0.2866,Industrials
PPC,2015-06-30,2020-06-30,1,60,2020-Q2,0.7553,0.7057,0.8982,0.8041,0.2865,Industrials
PPE,2015-06-30,2020-06-30,0.8383,60,2020-Q2,0.5899,0.6388,0.7041,0.7828,0.1259,Financials
PPH,2017-09-29,2020-06-30,1,33,2020-Q2,0.997,0.9443,1.1586,0.8912,0.454,Consumer Services
PPR,2015-06-30,2020-06-30,0.3066,59,2020-Q2,0.0359,0.0734,0.0941,0.1176,-0.0453,Financials
PRX,2019-09-30,2020-06-30,1,9,2020-Q2,0.4473,0.4981,0.5635,0.8088,0.2636,Technology
PSG,2015-06-30,2020-06-30,1,60,2020-Q2,1.2938,1.1679,1.4124,0.9684,0.4383,Financials
PSV,2015-06-26,2020-06-30,0.4373,60,2020-Q2,0.3336,0.3018,0.4167,0.2656,0.1726,Industrials
QFH,2015-06-30,2020-06-30,0.9848,60,2020-Q2,0.502,0.4546,0.5848,0.4864,0.2192,Consumer Goods
QLT,2018-06-29,2020-06-30,1,24,2020-Q2,1.0545,1.0397,1.1777,1.1608,0.5802,Financials
RAV,2019-02-21,2020-01-08,0.0089,3,2020-Q2,2.0802,1.7019,1.5108,1.0586,1.3395,Financials
RBP,2015-06-30,2020-06-30,1,60,2020-Q2,1.3054,1.1228,1.1216,0.7397,0.9216,Basic Materials
RBX,2015-06-30,2020-06-30,0.9992,60,2020-Q2,0.637,0.55,0.7298,0.4753,0.2369,Industrials
RCL,2015-06-30,2020-06-30,0.992,60,2020-Q2,0.2197,0.1645,0.284,0.0928,0.1204,Consumer Goods
RDF,2015-06-30,2020-06-30,1,60,2020-Q2,1.3835,1.1822,1.5266,0.9442,0.5253,Financials
RDI,2015-06-12,2017-03-27,0.0706,21,2020-Q2,1.206,1.112,1.2142,0.9648,0.6946,Basic Materials
REA,2017-04-26,2020-06-30,0.691,38,2020-Q2,1.0796,0.9967,1.0873,0.8315,0.6172,Financials
REB,2015-06-30,2020-06-30,0.9976,60,2020-Q2,1.5492,1.3666,1.4303,0.9999,0.8119,Financials
REM,2015-06-30,2020-06-30,1,60,2020-Q2,0.7643,0.6718,0.8934,0.5054,0.236,Financials
REN,2015-06-30,2020-06-30,0.7174,60,2020-Q2,0.6018,0.5648,0.485,0.2888,0.4385,Oil & Gas
RES,2015-06-30,2020-06-30,1,60,2020-Q2,1.3151,1.1625,1.377,0.936,0.5337,Financials
RFG,2015-06-30,2020-06-30,1,60,2020-Q2,0.4675,0.4372,0.5052,0.4836,0.1641,Consumer Goods
RHB,2017-07-31,2020-06-30,0.2198,35,2020-Q2,0.2807,0.3077,0.3141,0.3756,0.1911,Financials
RLO,2015-06-30,2020-06-30,1,60,2020-Q2,0.4046,0.3383,0.4603,0.1385,0.1327,Industrials
RMH,2015-06-30,2020-06-30,1,60,2020-Q2,0.5759,0.4971,0.6514,0.2379,0.2779,Financials
RMI,2015-06-30,2020-06-30,1,60,2020-Q2,0.8654,0.7806,0.9415,0.6351,0.3238,Financials
RNG,2015-06-30,2020-06-30,0.5228,60,2020-Q2,0.7531,0.714,0.7839,0.6117,0.3799,Basic Materials
RNI,2017-11-30,2020-06-30,1,31,2020-Q2,0.6866,0.6751,0.7591,0.787,0.4074,Financials
RPL,2015-06-30,2020-06-30,1,60,2020-Q2,1.2091,1.1077,1.2726,0.9303,0.5907,Financials
RSG,2015-06-26,2020-06-19,0.1383,50,2020-Q2,1.2424,1.1782,1.2223,1.05,0.7378,Basic Materials
RTN,2015-06-30,2020-02-24,0.0641,31,2020-Q2,1.2113,1.1387,1.242,1.0899,0.4851,Consumer Services
RTO,2015-07-09,2020-04-21,0.0411,31,2020-Q2,1.0703,1.0113,1.2322,1.0314,0.3896,Consumer Services
S32,2015-06-30,2020-06-30,1,60,2020-Q2,1.2601,1.1733,1.0237,0.9065,0.8845,Basic Materials
SAC,2015-06-30,2020-06-30,1,60,2020-Q2,1.2477,1.0771,1.3884,0.8917,0.4674,Financials
SAP,2015-06-30,2020-06-30,1,60,2020-Q2,1.301,1.2403,1.4638,1.1802,0.3577,Basic Materials
SAR,2015-06-26,2020-06-30,0.7722,60,2020-Q2,0.1788,0.1612,0.3187,0.282,-0.0392,Financials
SBK,2015-06-30,2020-06-30,1,60,2020-Q2,0.9013,0.7712,1.0262,0.5015,0.3526,Financials
SBP,2020-05-29,2020-06-30,0.9524,1,2020-Q2,0,0,0,0,0,Financials
SCD,2015-12-31,2020-06-30,0.9161,54,2020-Q2,0.7412,0.7464,0.81,0.6777,0.2987,Financials
SCP,2015-06-30,2020-06-30,0.988,60,2020-Q2,0.2909,0.308,0.3584,0.2373,0.1057,Financials
SDO,2017-10-31,2020-06-30,1,32,2020-Q2,1.1451,1.0606,1.3611,0.9855,0.4904,Consumer Services
SEA,2016-11-30,2020-06-30,0.9181,43,2020-Q2,0.6718,0.5905,0.7147,0.3261,0.3679,Financials
SEB,2015-06-30,2020-06-30,0.7502,60,2020-Q2,1.4003,1.2419,1.4556,1.0987,0.6205,Technology
SEP,2015-06-30,2020-06-30,0.8647,60,2020-Q2,0.4587,0.4215,0.5445,0.2796,0.1959,Industrials
SFN,2015-06-30,2020-06-30,0.8511,60,2020-Q2,0.7209,0.649,0.8219,0.5893,0.2649,Financials
SHG,2017-03-31,2020-06-30,0.8566,39,2020-Q2,0.2545,0.2437,0.3258,0.2603,0.0988,Consumer Goods
SHP,2015-06-30,2020-06-30,1,60,2020-Q2,0.2454,0.2136,0.4127,0.3807,0.0328,Consumer Services
SLM,2015-06-30,2020-06-30,1,60,2020-Q2,1.0777,0.947,1.2167,0.7345,0.3635,Financials
SNH,2015-06-30,2020-06-30,1,60,2020-Q2,0.9178,0.8892,1.0882,0.9375,0.3154,Consumer Services
SNT,2015-06-30,2020-06-30,1,60,2020-Q2,0.2522,0.2178,0.3148,0.2288,0.0948,Financials
SNV,2015-06-30,2020-06-30,0.9936,60,2020-Q2,1.1182,1.0624,1.171,0.9479,0.4448,Industrials
SOH,2015-06-30,2020-06-22,0.3875,60,2020-Q2,0.477,0.4993,0.6531,0.5737,0.1449,Industrials
SOL,2015-06-30,2020-06-30,1,60,2020-Q2,2.7865,2.4855,2.4067,1.6565,1.2865,Basic Materials
SPA,2015-06-25,2020-06-30,0.1278,54,2020-Q2,1.1149,1.0434,1.2536,1.0552,0.5317,Basic Materials
SPG,2015-06-30,2020-06-30,1,60,2020-Q2,1.008,0.8989,1.0444,0.6082,0.3633,Industrials
SPP,2015-06-30,2020-06-30,1,60,2020-Q2,0.4636,0.4292,0.6048,0.5018,0.116,Consumer Services
SRE,2015-06-30,2020-06-30,1,60,2020-Q2,0.4194,0.4453,0.3928,0.3978,0.1946,Financials
SSK,2015-06-30,2020-06-30,0.9656,60,2020-Q2,1.138,1.0451,1.2269,1.0419,0.5535,Industrials
SSS,2015-11-30,2020-06-30,0.9947,55,2020-Q2,0.4287,0.3892,0.4421,0.2478,0.2144,Financials
SSW,2020-02-28,2020-06-30,1,4,2020-Q2,1.5185,1.4668,1.4796,1.1963,0.8822,Basic Materials
STP,2015-06-30,2020-06-30,0.9968,60,2020-Q2,0.6611,0.6786,0.7556,0.7181,0.1652,Financials
SUI,2015-06-30,2020-06-30,1,60,2020-Q2,1.1532,1.0258,1.2832,0.8795,0.4617,Consumer Services
SUR,2015-06-30,2020-06-30,0.9944,60,2020-Q2,0.703,0.6237,0.7132,0.3856,0.3145,Consumer Services
SVB,2015-06-29,2020-06-25,0.5248,60,2020-Q2,0.293,0.2945,0.4515,0.3163,0.0537,Technology
SYG,2015-10-30,2020-06-30,0.9914,56,2020-Q2,0.9603,0.8521,1.0934,0.7622,0.3854,Financials
TAS,2015-06-30,2020-06-30,0.976,60,2020-Q2,1.1038,1.0524,1.1207,0.9929,0.5064,Consumer Services
TBG,2015-06-30,2020-06-30,0.9175,60,2020-Q2,0.7261,0.684,0.7879,0.7542,0.3235,Consumer Services
TBS,2015-06-30,2020-06-30,1,60,2020-Q2,0.5759,0.5376,0.6726,0.6461,0.1771,Consumer Goods
TCP,2015-06-30,2020-06-30,1,60,2020-Q2,1.0936,0.9925,1.1393,0.7671,0.4027,Financials
TDH,2015-06-30,2020-06-30,0.9255,60,2020-Q2,0.1688,0.16,0.1658,0.134,0.051,Financials
TEX,2015-06-30,2020-06-30,0.9848,60,2020-Q2,0.8851,0.8292,0.9758,0.6782,0.3526,Financials
TFG,2015-06-30,2020-06-30,1,60,2020-Q2,1.1312,0.9411,1.2675,0.624,0.4497,Consumer Services
TGO,2019-06-28,2020-06-30,1,12,2020-Q2,1.711,1.5515,2.0954,1.4602,0.8106,Consumer Services
THA,2015-06-29,2020-06-30,0.7072,60,2020-Q2,0.4903,0.4412,0.4741,0.4301,0.4119,Basic Materials
TKG,2015-06-30,2020-06-30,1,60,2020-Q2,1.1512,1.056,1.2529,0.9847,0.4561,Telecommunications
TLM,2015-06-30,2020-06-30,0.1809,57,2020-Q2,1.2777,1.1858,1.323,1.0779,0.6496,Telecommunications
TMT,2015-06-30,2020-06-30,0.7438,60,2020-Q2,0.1576,0.1521,0.2553,0.0859,-0.0089,Financials
TON,2015-06-30,2020-06-30,0.8703,53,2020-Q2,1.5816,1.4268,1.476,1.0606,0.8599,Consumer Goods
TPC,2015-06-29,2020-06-29,0.5816,60,2020-Q2,0.2186,0.1948,0.1727,0.0824,0.1596,Industrials
TPF,2016-12-28,2020-06-24,0.2002,40,2020-Q2,-0.0956,-0.0936,-0.1131,-0.0999,0.009,Financials
TRE,2015-06-30,2020-06-30,1,60,2020-Q2,0.4649,0.4543,0.5595,0.5053,0.2302,Industrials
TRL,2015-10-30,2020-06-30,0.7352,56,2020-Q2,0.4016,0.3065,0.5646,0.3244,0.146,Industrials
TRU,2015-06-30,2020-06-30,1,60,2020-Q2,1.1237,0.9618,1.2611,0.6741,0.3754,Consumer Services
TSG,2015-06-30,2020-06-30,1,60,2020-Q2,1.4025,1.2187,1.5595,1.0296,0.5296,Consumer Services
TTO,2015-06-30,2020-06-30,0.9191,60,2020-Q2,1.3831,1.2658,1.438,1.1072,0.6317,Financials
TWR,2015-06-30,2020-06-30,0.9239,60,2020-Q2,1.2692,1.1176,1.2923,0.7627,0.5158,Financials
TXT,2019-12-31,2020-06-30,1,6,2020-Q2,0.8334,0.8303,0.9398,0.9268,0.4733,Industrials
UCP,2015-06-30,2020-06-30,0.8383,60,2020-Q2,0.4889,0.4238,0.4338,0.3737,0.4571,Basic Materials
UPL,2016-08-30,2020-06-08,0.1703,39,2020-Q2,0.2915,0.2583,0.2256,0.1387,0.2921,Financials
VIS,2015-06-26,2019-06-28,0.2574,32,2020-Q2,1.112,0.998,1.208,0.8511,0.4724,Financials
VKE,2015-06-30,2020-06-30,1,60,2020-Q2,0.7989,0.6513,0.908,0.3888,0.2967,Financials
VLE,2015-06-30,2020-06-30,0.8135,60,2020-Q2,0.5712,0.547,0.6316,0.4734,0.2616,Industrials
VOD,2015-06-30,2020-06-30,1,60,2020-Q2,0.3495,0.3349,0.3874,0.3154,0.1405,Telecommunications
VUN,2015-06-29,2020-06-09,0.3808,60,2020-Q2,0.2751,0.2968,0.3088,0.3863,0.1168,Financials
VVO,2018-05-31,2020-06-30,0.8423,25,2020-Q2,0.1679,0.2415,0.3027,0.5254,0.0732,Consumer Services
WBO,2015-06-30,2020-06-30,1,60,2020-Q2,0.8896,0.7974,0.9633,0.6525,0.3673,Industrials
WEA,2015-06-26,2018-06-29,0.3773,36,2020-Q2,1.0173,0.9464,1.1013,0.8418,0.489,Industrials
WEZ,2015-06-30,2020-06-30,0.9928,60,2020-Q2,0.3288,0.2789,0.2891,0.162,0.3037,Basic Materials
WHL,2015-06-30,2020-06-30,1,60,2020-Q2,1.0211,0.9171,1.2098,0.8986,0.2733,Consumer Services
WKF,2015-06-30,2020-06-23,0.4203,60,2020-Q2,0.4219,0.3991,0.4788,0.4263,0.2132,Industrials
WSL,2015-06-30,2020-06-30,0.9912,60,2020-Q2,0.3282,0.3392,0.3876,0.3946,0.1998,Basic Materials
YRK,2015-06-30,2020-06-30,0.8951,60,2020-Q2,0.447,0.3768,0.4919,0.2308,0.2698,Basic Materials
ZCL,2017-11-30,2020-06-30,0.9299,31,2020-Q2,0.4435,0.4612,0.523,0.545,0.268,Financials
ZED,2015-06-30,2020-06-30,1,60,2020-Q2,0.3606,0.307,0.5358,0.4657,0.1526,Financials